,FSA,CAT,DOG,Total,Year
0,M4K,441,930,1371,2015
1,M6B,163,469,632,2015
2,M6A,144,219,363,2015
3,M5X,0,2,2,2015
4,M5W,6,1,7,2015
5,M5V,291,933,1224,2015
6,M5T,127,201,328,2015
7,M5S,125,228,353,2015
8,M5R,250,657,907,2015
9,M5P,185,714,899,2015
10,M6C,267,672,939,2015
11,M5N,130,456,586,2015
12,M5J,74,157,231,2015
13,M5H,7,27,34,2015
14,M5G,37,73,110,2015
15,M5E,56,131,187,2015
16,M5C,20,50,70,2015
17,M5B,71,154,225,2015
18,M5A,359,833,1192,2015
19,M4Y,245,539,784,2015
20,M4X,186,380,566,2015
21,M5M,292,988,1280,2015
22,M6E,385,849,1234,2015
23,M6G,462,730,1192,2015
24,M6H,637,1004,1641,2015
25,M9R,286,494,780,2015
26,M9P,208,406,614,2015
27,M9N,200,478,678,2015
28,M9M,122,240,362,2015
29,M9L,60,123,183,2015
30,M9C,470,1018,1488,2015
31,M9B,443,889,1332,2015
32,M9A,369,976,1345,2015
33,M8Z,271,566,837,2015
34,M8Y,267,682,949,2015
35,M8X,169,427,596,2015
36,M8W,414,805,1219,2015
37,M8V,571,1113,1684,2015
38,M6S,546,1154,1700,2015
39,M6R,428,687,1115,2015
40,M6P,629,1073,1702,2015
41,M6N,515,999,1514,2015
42,M6M,352,624,976,2015
43,M6L,129,277,406,2015
44,M6K,443,792,1235,2015
45,M6J,345,754,1099,2015
46,M4W,137,616,753,2015
47,M9V,228,456,684,2015
48,M4V,178,654,832,2015
49,M4R,177,422,599,2015
50,M2K,150,375,525,2015
51,M2J,277,631,908,2015
52,M2H,170,347,517,2015
53,M1X,37,118,155,2015
54,M1W,208,436,644,2015
55,M1V,197,478,675,2015
56,M1T,181,390,571,2015
57,M1S,196,475,671,2015
58,M1R,208,550,758,2015
59,M2L,99,376,475,2015
60,M1P,313,509,822,2015
61,M1M,258,666,924,2015
62,M1L,308,526,834,2015
63,M1K,393,610,1003,2015
64,M1J,233,417,650,2015
65,M1H,176,336,512,2015
66,M1G,237,418,655,2015
67,M1E,490,1004,1494,2015
68,M1C,347,880,1227,2015
69,M1B,293,612,905,2015
70,M1N,378,834,1212,2015
71,M2M,211,407,618,2015
72,M2N,530,1037,1567,2015
73,M2P,71,265,336,2015
74,M4P,267,545,812,2015
75,M4N,142,699,841,2015
76,M4M,253,721,974,2015
77,M4L,542,1362,1904,2015
78,M4J,586,1079,1665,2015
79,M4H,54,71,125,2015
80,M4G,276,781,1057,2015
81,M4E,477,1155,1632,2015
82,M4C,661,1186,1847,2015
83,M4B,259,515,774,2015
84,M4A,95,224,319,2015
85,M3N,107,240,347,2015
86,M3M,150,305,455,2015
87,M3L,63,235,298,2015
88,M3K,55,110,165,2015
89,M3J,157,241,398,2015
90,M3H,261,721,982,2015
91,M3C,268,371,639,2015
92,M3B,141,354,495,2015
93,M3A,308,599,907,2015
94,M2R,269,520,789,2015
95,M4T,119,497,616,2015
96,M9W,284,661,945,2015
97,M4S,346,771,1117,2015
98,M3A,296,631,927,2016
99,M3B,120,348,468,2016
100,M3C,247,379,626,2016
101,M3H,264,695,959,2016
102,M3J,174,247,421,2016
103,M3K,53,100,153,2016
104,M3L,68,246,314,2016
105,M3M,147,309,456,2016
106,M3N,161,276,437,2016
107,M4A,101,215,316,2016
108,M4B,253,460,713,2016
109,M4C,686,1183,1869,2016
110,M4E,431,1148,1579,2016
111,M4H,42,57,99,2016
112,M4J,607,1086,1693,2016
113,M4K,456,976,1432,2016
114,M4L,529,1276,1805,2016
115,M4M,268,736,1004,2016
116,M4N,141,707,848,2016
117,M4P,241,586,827,2016
118,M4R,151,432,583,2016
119,M4S,328,820,1148,2016
120,M2R,261,521,782,2016
121,M4T,110,507,617,2016
122,M2P,63,255,318,2016
123,M2M,171,412,583,2016
124,M1B,307,612,919,2016
125,M1C,338,852,1190,2016
126,M1E,481,966,1447,2016
127,M1G,216,393,609,2016
128,M1H,182,318,500,2016
129,M1J,229,393,622,2016
130,M1K,423,636,1059,2016
131,M1L,301,492,793,2016
132,M1M,249,603,852,2016
133,M1N,386,870,1256,2016
134,M1P,302,513,815,2016
135,M1R,200,542,742,2016
136,M1S,183,447,630,2016
137,M1T,177,379,556,2016
138,M1V,201,462,663,2016
139,M1W,215,424,639,2016
140,M1X,43,144,187,2016
141,M2H,162,376,538,2016
142,M2J,266,635,901,2016
143,M2K,135,364,499,2016
144,M2L,80,333,413,2016
145,M2N,501,1020,1521,2016
146,M4V,185,673,858,2016
147,M4G,267,770,1037,2016
148,M4X,196,361,557,2016
149,M6K,411,812,1223,2016
150,M6L,127,284,411,2016
151,M6M,277,633,910,2016
152,M6N,496,958,1454,2016
153,M6P,671,1114,1785,2016
154,M6R,417,748,1165,2016
155,M6S,562,1162,1724,2016
156,M8V,595,1144,1739,2016
157,M4W,134,601,735,2016
158,M8X,138,399,537,2016
159,M6J,386,806,1192,2016
160,M8Y,287,649,936,2016
161,M9A,347,981,1328,2016
162,M9B,433,912,1345,2016
163,M9C,456,1033,1489,2016
164,M9L,67,146,213,2016
165,M9M,115,240,355,2016
166,M9N,210,479,689,2016
167,M9P,210,435,645,2016
168,M9R,236,479,715,2016
169,M9V,233,466,699,2016
170,M9W,290,693,983,2016
171,M8Z,271,583,854,2016
172,M6H,639,1024,1663,2016
173,M8W,387,823,1210,2016
174,M4Y,259,567,826,2016
175,M6G,431,768,1199,2016
176,M5A,341,878,1219,2016
177,M5B,92,156,248,2016
178,M5C,25,57,82,2016
179,M5E,60,163,223,2016
180,M5G,39,65,104,2016
181,M5H,6,27,33,2016
182,M5M,263,935,1198,2016
183,M5N,113,496,609,2016
184,M5P,198,708,906,2016
185,M5J,79,165,244,2016
186,M5S,120,250,370,2016
187,M6E,396,802,1198,2016
188,M5R,273,710,983,2016
189,M6B,148,491,639,2016
190,M6A,138,226,364,2016
191,M5X,0,2,2,2016
192,M6C,251,713,964,2016
193,M5V,350,962,1312,2016
194,M5T,128,190,318,2016
195,M5W,2,0,2,2016
196,M5T,96,242,338,2017
197,M6H,676,1085,1761,2017
198,M6G,459,812,1271,2017
199,M6E,357,855,1212,2017
200,M6C,239,725,964,2017
201,M6B,153,489,642,2017
202,M6A,147,241,388,2017
203,M5W,6,0,6,2017
204,M5V,353,987,1340,2017
205,M5S,126,249,375,2017
206,M5A,416,949,1365,2017
207,M5P,194,760,954,2017
208,M5N,124,529,653,2017
209,M5M,252,1003,1255,2017
210,M5J,79,186,265,2017
211,M5H,6,38,44,2017
212,M5G,48,83,131,2017
213,M5E,54,175,229,2017
214,M5C,20,71,91,2017
215,M5B,91,174,265,2017
216,M6J,382,807,1189,2017
217,M5R,245,710,955,2017
218,M6K,427,876,1303,2017
219,M1B,285,627,912,2017
220,M6M,243,620,863,2017
221,M4Y,237,604,841,2017
222,M1C,297,775,1072,2017
223,Total,24495,56459,80954,2017
224,M9W,264,639,903,2017
225,M9V,192,444,636,2017
226,M9R,269,556,825,2017
227,M9P,204,426,630,2017
228,M9N,194,494,688,2017
229,M9M,133,241,374,2017
230,M9L,52,145,197,2017
231,M6L,124,272,396,2017
232,M9C,431,1011,1442,2017
233,M9A,360,986,1346,2017
234,M8Z,294,612,906,2017
235,M8Y,286,708,994,2017
236,M8X,153,441,594,2017
237,M8W,400,815,1215,2017
238,M8V,613,1235,1848,2017
239,M6S,516,1177,1693,2017
240,M6R,417,780,1197,2017
241,M6P,630,1179,1809,2017
242,M6N,471,1016,1487,2017
243,M9B,413,913,1326,2017
244,M4X,162,366,528,2017
245,M4S,318,898,1216,2017
246,M4V,174,708,882,2017
247,M2P,66,259,325,2017
248,M2N,513,1034,1547,2017
249,M2M,180,374,554,2017
250,M2L,91,319,410,2017
251,M2K,138,379,517,2017
252,M2J,295,659,954,2017
253,M2H,168,361,529,2017
254,M1X,35,113,148,2017
255,M1W,226,444,670,2017
256,M1V,182,433,615,2017
257,M2R,280,509,789,2017
258,M1T,203,387,590,2017
259,M1R,196,559,755,2017
260,M1P,298,500,798,2017
261,M1N,393,852,1245,2017
262,M1M,250,627,877,2017
263,M1L,299,510,809,2017
264,M1K,453,654,1107,2017
265,M1J,220,398,618,2017
266,M1G,220,385,605,2017
267,M1E,467,963,1430,2017
268,M4W,130,610,740,2017
269,M1S,187,428,615,2017
270,M3A,309,646,955,2017
271,M1H,155,309,464,2017
272,M3C,247,322,569,2017
273,M4T,114,493,607,2017
274,M4R,170,481,651,2017
275,M4P,245,614,859,2017
276,M4N,133,708,841,2017
277,M4M,284,788,1072,2017
278,M3B,109,350,459,2017
279,M4K,433,967,1400,2017
280,M4J,571,1110,1681,2017
281,M4H,57,69,126,2017
282,M4G,277,802,1079,2017
283,M4L,513,1315,1828,2017
284,M4C,663,1201,1864,2017
285,M4B,262,488,750,2017
286,M4A,93,210,303,2017
287,M3N,152,314,466,2017
288,M3M,177,318,495,2017
289,M3L,69,217,286,2017
290,M3K,51,122,173,2017
291,M3J,160,268,428,2017
292,M4E,430,1181,1611,2017
293,M3H,249,675,924,2017
294,M3N,162,249,411,2018
295,M3M,177,291,468,2018
296,M3L,73,210,283,2018
297,M3C,236,345,581,2018
298,M3J,143,235,378,2018
299,M3H,248,679,927,2018
300,M3B,106,346,452,2018
301,M3K,64,117,181,2018
302,M4A,99,209,308,2018
303,M4N,132,716,848,2018
304,M4C,614,1140,1754,2018
305,M4E,399,1185,1584,2018
306,M4G,236,795,1031,2018
307,M4H,58,56,114,2018
308,M4J,527,1028,1555,2018
309,M4K,406,948,1354,2018
310,M4L,481,1324,1805,2018
311,M4M,268,773,1041,2018
312,M3A,267,596,863,2018
313,M4P,250,645,895,2018
314,M4B,236,437,673,2018
315,M1E,458,928,1386,2018
316,M1V,173,447,620,2018
317,M2P,62,239,301,2018
318,M4R,172,469,641,2018
319,M1G,191,381,572,2018
320,M1H,139,298,437,2018
321,M1J,213,381,594,2018
322,M1K,372,582,954,2018
323,M1L,264,509,773,2018
324,M1M,245,590,835,2018
325,M1N,334,809,1143,2018
326,M1P,288,461,749,2018
327,M2R,239,469,708,2018
328,M1R,179,499,678,2018
329,M1T,187,396,583,2018
330,M1W,214,399,613,2018
331,M1X,35,111,146,2018
332,M2H,144,348,492,2018
333,M2J,320,589,909,2018
334,M2K,124,377,501,2018
335,M2L,80,327,407,2018
336,M2M,157,364,521,2018
337,M2N,447,995,1442,2018
338,M1S,184,437,621,2018
339,M4S,318,867,1185,2018
340,M6E,337,824,1161,2018
341,M4V,169,716,885,2018
342,M6K,426,858,1284,2018
343,M6L,131,284,415,2018
344,M6M,236,575,811,2018
345,M6N,426,935,1361,2018
346,M6P,605,1181,1786,2018
347,M6R,372,758,1130,2018
348,M6S,515,1202,1717,2018
349,M7A,0,1,1,2018
350,M8V,539,1177,1716,2018
351,M6J,343,800,1143,2018
352,M8W,348,760,1108,2018
353,M8Y,260,658,918,2018
354,M8Z,254,553,807,2018
355,M9A,332,917,1249,2018
356,M9B,367,875,1242,2018
357,M9C,414,913,1327,2018
358,M9L,59,128,187,2018
359,M9M,104,231,335,2018
360,M1C,280,773,1053,2018
361,M9N,176,412,588,2018
362,M8X,148,429,577,2018
363,M4T,91,504,595,2018
364,M6H,655,1077,1732,2018
365,M6C,219,720,939,2018
366,M4W,121,578,699,2018
367,M4X,168,357,525,2018
368,M4Y,230,569,799,2018
369,M5A,396,959,1355,2018
370,M5B,100,154,254,2018
371,M5C,24,64,88,2018
372,M5E,65,179,244,2018
373,M5G,48,78,126,2018
374,M5H,14,35,49,2018
375,M6G,401,793,1194,2018
376,M5J,77,183,260,2018
377,M5N,111,532,643,2018
378,M5P,179,766,945,2018
379,M5R,219,679,898,2018
380,M5S,129,245,374,2018
381,M5T,131,226,357,2018
382,M5V,331,1054,1385,2018
383,M5W,4,0,4,2018
384,M6A,137,224,361,2018
385,M6B,157,450,607,2018
386,M5M,236,1014,1250,2018
387,M1B,275,597,872,2018
388,M9V,196,415,611,2018
389,M9R,232,507,739,2018
390,M9P,178,398,576,2018
391,Total,22929,54532,77461,2018
392,M9W,243,619,862,2018
393,M2P,53,224,277,2019
394,M2R,225,416,641,2019
395,M3A,231,572,803,2019
396,M3B,95,318,413,2019
397,M3C,194,313,507,2019
398,M3H,233,598,831,2019
399,M3J,135,220,355,2019
400,M3K,51,106,157,2019
401,M3L,58,165,223,2019
402,M3M,139,280,419,2019
403,M4A,94,176,270,2019
404,M2N,409,904,1313,2019
405,M4B,220,432,652,2019
406,M4C,575,1034,1609,2019
407,M4E,339,1103,1442,2019
408,M4G,219,730,949,2019
409,M4H,51,53,104,2019
410,M4J,444,993,1437,2019
411,M4K,357,867,1224,2019
412,M4L,418,1276,1694,2019
413,M4M,258,706,964,2019
414,M3N,159,243,402,2019
415,M2M,129,321,450,2019
416,M2K,99,338,437,2019
417,M4N,119,682,801,2019
418,M1A,0,1,1,2019
419,M1B,236,511,747,2019
420,M1C,264,700,964,2019
421,M1E,415,803,1218,2019
422,M1G,169,325,494,2019
423,M1H,139,266,405,2019
424,M1J,206,336,542,2019
425,M1K,336,498,834,2019
426,M1L,248,438,686,2019
427,M1M,212,488,700,2019
428,M1N,299,696,995,2019
429,M1P,249,391,640,2019
430,M1R,156,439,595,2019
431,M1S,164,357,521,2019
432,M1T,164,349,513,2019
433,M1V,133,382,515,2019
434,M1W,164,381,545,2019
435,M1X,39,116,155,2019
436,M2A,0,1,1,2019
437,M2H,135,298,433,2019
438,M2J,320,559,879,2019
439,M2L,69,303,372,2019
440,M4P,229,640,869,2019
441,M9B,312,805,1117,2019
442,M4S,254,777,1031,2019
443,M6J,293,726,1019,2019
444,M6K,361,769,1130,2019
445,M6L,94,238,332,2019
446,M6M,205,548,753,2019
447,M6N,342,850,1192,2019
448,M6P,547,1074,1621,2019
449,M6R,300,696,996,2019
450,M6S,431,1079,1510,2019
451,M7A,1,0,1,2019
452,M8V,468,1097,1565,2019
453,M8W,290,627,917,2019
454,M8X,118,382,500,2019
455,M8Y,221,574,795,2019
456,M8Z,216,535,751,2019
457,Total,20115,49638,69753,2019
458,M9W,190,521,711,2019
459,M9V,166,343,509,2019
460,M9R,200,448,648,2019
461,M9P,147,347,494,2019
462,M9N,174,398,572,2019
463,M9M,89,196,285,2019
464,M9L,48,87,135,2019
465,M9C,337,834,1171,2019
466,M6H,536,925,1461,2019
467,M9A,293,852,1145,2019
468,M6G,381,703,1084,2019
469,M6C,178,634,812,2019
470,M4T,90,438,528,2019
471,M4V,147,656,803,2019
472,M4W,89,523,612,2019
473,M4X,152,312,464,2019
474,M4Y,265,579,844,2019
475,M5A,323,984,1307,2019
476,M5B,91,168,259,2019
477,M5C,22,51,73,2019
478,M5E,63,183,246,2019
479,M5G,45,72,117,2019
480,M5H,3,43,46,2019
481,M5J,69,176,245,2019
482,M5L,0,1,1,2019
483,M5M,217,933,1150,2019
484,M5N,113,479,592,2019
485,M5P,162,683,845,2019
486,M5R,209,661,870,2019
487,M5S,102,237,339,2019
488,M5T,95,190,285,2019
489,M5V,290,1055,1345,2019
490,M5W,4,0,4,2019
491,M6A,138,220,358,2019
492,M6B,146,402,548,2019
493,M6E,287,725,1012,2019
494,M4R,151,454,605,2019
495,M1B,186,440,626,2020
496,M1J,150,271,421,2020
497,M6G,308,631,939,2020
498,M6E,259,622,881,2020
499,M6C,177,578,755,2020
500,M6B,121,353,474,2020
501,M6A,146,207,353,2020
502,M5V,292,977,1269,2020
503,M5T,94,180,274,2020
504,M5S,104,191,295,2020
505,M5R,201,614,815,2020
506,M5P,125,572,697,2020
507,M5N,82,405,487,2020
508,M5M,183,802,985,2020
509,M5J,69,141,210,2020
510,M5H,9,54,63,2020
511,M5G,41,85,126,2020
512,M5E,67,180,247,2020
513,M5C,18,49,67,2020
514,M5B,101,162,263,2020
515,M5A,275,873,1148,2020
516,M4Y,252,501,753,2020
517,M4X,145,310,455,2020
518,M6J,271,638,909,2020
519,M4W,94,466,560,2020
520,M6K,377,746,1123,2020
521,M6M,196,411,607,2020
522,Total,17260,42937,60197,2020
523,M9W,165,426,591,2020
524,M9V,128,301,429,2020
525,M9R,190,383,573,2020
526,M9P,133,313,446,2020
527,M9N,126,347,473,2020
528,M9M,80,141,221,2020
529,M9L,45,76,121,2020
530,M9C,295,713,1008,2020
531,M9B,243,669,912,2020
532,M9A,245,739,984,2020
533,M8Z,182,437,619,2020
534,M8Y,168,509,677,2020
535,M8X,90,340,430,2020
536,M8W,237,538,775,2020
537,M8V,371,893,1264,2020
538,M7A,0,1,1,2020
539,M6S,378,980,1358,2020
540,M6R,271,597,868,2020
541,M6P,484,945,1429,2020
542,M6N,295,695,990,2020
543,M6L,80,200,280,2020
544,M4V,117,574,691,2020
545,M6H,439,852,1291,2020
546,M4S,247,708,955,2020
547,M2N,355,743,1098,2020
548,M2M,112,299,411,2020
549,M2L,53,247,300,2020
550,M2K,84,291,375,2020
551,M2J,254,503,757,2020
552,M2H,120,255,375,2020
553,M1X,25,86,111,2020
554,M1W,170,332,502,2020
555,M1V,126,315,441,2020
556,M1T,146,288,434,2020
557,M1S,145,309,454,2020
558,M1R,126,376,502,2020
559,M1P,205,340,545,2020
560,M1N,256,623,879,2020
561,M1M,169,447,616,2020
562,M1L,173,368,541,2020
563,M1K,286,421,707,2020
564,M1H,88,225,313,2020
565,M1G,130,273,403,2020
566,M1E,331,640,971,2020
567,M4T,79,396,475,2020
568,M2P,42,175,217,2020
569,M2R,173,376,549,2020
570,M1C,202,592,794,2020
571,M4R,109,405,514,2020
572,M3A,182,462,644,2020
573,M4P,223,518,741,2020
574,M4N,109,572,681,2020
575,M4M,229,606,835,2020
576,M4L,348,1035,1383,2020
577,M4K,278,765,1043,2020
578,M4H,48,44,92,2020
579,M4G,168,647,815,2020
580,M4E,329,942,1271,2020
581,M4C,481,880,1361,2020
582,M4J,397,890,1287,2020
583,M4A,71,153,224,2020
584,M3B,81,260,341,2020
585,M4B,166,353,519,2020
586,M3H,181,546,727,2020
587,M3J,121,206,327,2020
588,M3C,190,279,469,2020
589,M3L,41,141,182,2020
590,M3M,132,209,341,2020
591,M3N,131,178,309,2020
592,M3K,43,90,133,2020
593,M3K,51,106,157,2021
594,M4G,152,710,862,2021
595,M3L,48,156,204,2021
596,M3M,127,239,366,2021
597,M3N,147,212,359,2021
598,M4A,106,198,304,2021
599,M4B,174,381,555,2021
600,M4C,502,997,1499,2021
601,M4E,344,1090,1434,2021
602,M4H,62,44,106,2021
603,M4X,157,312,469,2021
604,M4K,299,844,1143,2021
605,M4L,374,1183,1557,2021
606,M4M,251,677,928,2021
607,M4N,99,599,698,2021
608,M4P,231,644,875,2021
609,M4R,120,472,592,2021
610,M4S,296,807,1103,2021
611,M4T,80,432,512,2021
612,M4V,124,640,764,2021
613,M3J,146,202,348,2021
614,M4W,89,555,644,2021
615,M4J,427,980,1407,2021
616,M3H,196,627,823,2021
617,M2H,142,278,420,2021
618,M3B,93,311,404,2021
619,M1H,101,235,336,2021
620,M1J,201,316,517,2021
621,M1K,290,459,749,2021
622,M1L,198,444,642,2021
623,M1M,222,554,776,2021
624,M1N,237,676,913,2021
625,M1P,215,393,608,2021
626,M1R,128,418,546,2021
627,M1S,141,321,462,2021
628,M1T,146,344,490,2021
629,M1V,146,386,532,2021
630,M1W,158,383,541,2021
631,M1X,23,107,130,2021
632,M2J,276,586,862,2021
633,M2K,109,339,448,2021
634,M2L,62,312,374,2021
635,M2M,165,333,498,2021
636,M2N,394,921,1315,2021
637,M2P,39,219,258,2021
638,M2R,169,450,619,2021
639,M3A,211,512,723,2021
640,M3C,189,318,507,2021
641,M4Y,308,590,898,2021
642,M1B,205,494,699,2021
643,M5B,137,208,345,2021
644,M6R,282,697,979,2021
645,M6S,390,1029,1419,2021
646,M6V,1,0,1,2021
647,M8V,418,1017,1435,2021
648,M8W,254,618,872,2021
649,M8X,103,371,474,2021
650,M8Y,171,547,718,2021
651,M8Z,175,526,701,2021
652,M9A,272,799,1071,2021
653,M9B,244,743,987,2021
654,M9C,278,805,1083,2021
655,M9L,40,88,128,2021
656,M9M,83,146,229,2021
657,M9N,145,361,506,2021
658,M9P,124,355,479,2021
659,M9R,176,429,605,2021
660,M9V,151,313,464,2021
661,M9W,175,420,595,2021
662,Total,18849,48664,67513,2021
663,M1C,210,663,873,2021
664,M1G,142,296,438,2021
665,M6P,503,1136,1639,2021
666,M5A,369,1007,1376,2021
667,M6N,328,784,1112,2021
668,M6L,73,215,288,2021
669,M5C,27,82,109,2021
670,M5E,75,219,294,2021
671,M5G,55,92,147,2021
672,M5H,13,47,60,2021
673,M5J,99,191,290,2021
674,M5L,0,1,1,2021
675,M5M,192,884,1076,2021
676,M5N,100,476,576,2021
677,M5P,133,678,811,2021
678,M6M,199,432,631,2021
679,M5R,191,685,876,2021
680,M5T,136,239,375,2021
681,M5V,362,1114,1476,2021
682,M6A,136,255,391,2021
683,M6B,136,384,520,2021
684,M6C,183,608,791,2021
685,M6E,272,653,925,2021
686,M6G,371,771,1142,2021
687,M6H,532,910,1442,2021
688,M6J,329,715,1044,2021
689,M6K,406,850,1256,2021
690,M5S,123,251,374,2021
691,M1E,365,748,1113,2021
692,Total,17111,45390,62501,2022
693,M9W,132,407,539,2022
694,M1C,198,563,761,2022
695,M6H,455,843,1298,2022
696,M6E,259,632,891,2022
697,M6C,153,608,761,2022
698,M6B,122,349,471,2022
699,M6A,101,242,343,2022
700,M5V,314,971,1285,2022
701,M5T,112,232,344,2022
702,M5S,111,217,328,2022
703,M5R,185,686,871,2022
704,M5P,136,631,767,2022
705,M5N,84,443,527,2022
706,M5M,172,862,1034,2022
707,M5L,0,1,1,2022
708,M5J,77,193,270,2022
709,M5H,15,47,62,2022
710,M5G,59,92,151,2022
711,M5E,58,189,247,2022
712,M5C,29,60,89,2022
713,M5B,126,184,310,2022
714,M5A,319,964,1283,2022
715,M4Y,279,516,795,2022
716,M6J,305,693,998,2022
717,M4X,139,284,423,2022
718,M6K,393,777,1170,2022
719,M6M,171,408,579,2022
720,M1B,206,434,640,2022
721,M9V,143,289,432,2022
722,M9R,160,376,536,2022
723,M9P,130,305,435,2022
724,M9N,134,362,496,2022
725,M9M,75,142,217,2022
726,M9L,47,81,128,2022
727,M9C,261,710,971,2022
728,M9B,223,714,937,2022
729,M9A,246,712,958,2022
730,M8Z,160,469,629,2022
731,M8Y,164,517,681,2022
732,M8X,93,331,424,2022
733,M8W,178,561,739,2022
734,M8V,384,1017,1401,2022
735,M8D,1,0,1,2022
736,M6T,1,0,1,2022
737,M6S,379,962,1341,2022
738,M6R,250,645,895,2022
739,M6P,456,1095,1551,2022
740,M6N,279,712,991,2022
741,M6L,58,181,239,2022
742,M4W,91,523,614,2022
743,M6G,313,727,1040,2022
744,M4T,84,421,505,2022
745,M2P,41,202,243,2022
746,M2N,405,880,1285,2022
747,M2M,126,314,440,2022
748,M2L,56,268,324,2022
749,M2K,102,337,439,2022
750,M2J,245,567,812,2022
751,M2H,110,267,377,2022
752,M1X,25,87,112,2022
753,M1W,158,365,523,2022
754,M1V,132,346,478,2022
755,M2R,158,354,512,2022
756,M1T,144,306,450,2022
757,M1R,122,382,504,2022
758,M1P,197,379,576,2022
759,M1N,232,654,886,2022
760,M1M,197,475,672,2022
761,M1L,196,363,559,2022
762,M1K,291,425,716,2022
763,M1J,154,284,438,2022
764,M1H,92,225,317,2022
765,M4V,129,629,758,2022
766,M1E,346,636,982,2022
767,M1S,148,300,448,2022
768,M3A,192,491,683,2022
769,M1G,143,262,405,2022
770,M3C,163,278,441,2022
771,M3B,83,283,366,2022
772,M4S,256,838,1094,2022
773,M4P,205,588,793,2022
774,M4N,91,580,671,2022
775,M4M,204,654,858,2022
776,M4L,328,1129,1457,2022
777,M4K,264,812,1076,2022
778,M4J,391,922,1313,2022
779,M4H,51,39,90,2022
780,M4G,139,684,823,2022
781,M4R,94,437,531,2022
782,M4C,451,938,1389,2022
783,M4B,174,352,526,2022
784,M4A,83,157,240,2022
785,M3N,131,197,328,2022
786,M3M,121,220,341,2022
787,M3L,47,148,195,2022
788,M3K,57,97,154,2022
789,M3J,104,222,326,2022
790,M3H,198,613,811,2022
791,M4E,315,1024,1339,2022
792,M4W,101,514,615,2023
793,M5R,208,658,866,2023
794,M5S,110,229,339,2023
795,M6B,146,360,506,2023
796,M5V,365,1003,1368,2023
797,M6A,112,238,350,2023
798,M5P,146,593,739,2023
799,M6C,187,587,774,2023
800,M5T,120,222,342,2023
801,M5N,75,418,493,2023
802,M5E,67,197,264,2023
803,M5J,84,183,267,2023
804,M5H,27,42,69,2023
805,M5G,76,84,160,2023
806,M5C,24,61,85,2023
807,M5B,125,220,345,2023
808,M5A,351,922,1273,2023
809,M4Y,298,526,824,2023
810,M6E,290,601,891,2023
811,M4X,156,302,458,2023
812,M5M,190,814,1004,2023
813,M6G,312,701,1013,2023
814,M8W,208,554,762,2023
815,M6J,318,672,990,2023
816,M4V,123,618,741,2023
817,M9W,132,368,500,2023
818,M9R,146,373,519,2023
819,M9P,130,300,430,2023
820,M9N,136,330,466,2023
821,M9M,67,154,221,2023
822,M9L,39,85,124,2023
823,M9C,214,731,945,2023
824,M9B,210,691,901,2023
825,M9A,257,682,939,2023
826,M8Z,154,459,613,2023
827,M8Y,145,501,646,2023
828,M8X,84,332,416,2023
829,M8V,353,918,1271,2023
830,M6S,365,896,1261,2023
831,M6R,258,597,855,2023
832,M6P,484,1060,1544,2023
833,M6N,309,731,1040,2023
834,M6M,209,387,596,2023
835,M6L,71,188,259,2023
836,M6K,426,767,1193,2023
837,M6H,447,814,1261,2023
838,M4T,85,364,449,2023
839,M9V,138,286,424,2023
840,M4R,83,398,481,2023
841,M2L,50,250,300,2023
842,M2K,107,350,457,2023
843,M2J,271,580,851,2023
844,M2H,138,262,400,2023
845,M1X,18,86,104,2023
846,M1W,161,351,512,2023
847,M1V,146,324,470,2023
848,M1T,150,322,472,2023
849,M4S,284,825,1109,2023
850,M1R,134,382,516,2023
851,M1P,198,363,561,2023
852,M1N,219,645,864,2023
853,M1M,173,466,639,2023
854,M1L,196,364,560,2023
855,M1K,258,390,648,2023
856,M1J,160,298,458,2023
857,M1H,81,201,282,2023
858,M1G,136,282,418,2023
859,M1E,355,685,1040,2023
860,M1C,186,536,722,2023
861,M1B,208,455,663,2023
862,M2M,127,276,403,2023
863,M2N,398,869,1267,2023
864,M1S,147,318,465,2023
865,M2R,166,380,546,2023
866,M2P,38,168,206,2023
867,M4P,212,551,763,2023
868,M4N,94,579,673,2023
869,M4M,202,621,823,2023
870,M4L,298,1135,1433,2023
871,M4K,270,836,1106,2023
872,M4H,61,46,107,2023
873,M4G,132,650,782,2023
874,M4E,286,914,1200,2023
875,M4C,448,948,1396,2023
876,M4J,369,954,1323,2023
877,M4A,94,158,252,2023
878,M4B,173,357,530,2023
879,M3B,76,266,342,2023
880,M3C,184,286,470,2023
881,M3H,192,565,757,2023
882,M3J,131,182,313,2023
883,M3A,198,466,664,2023
884,M3L,50,138,188,2023
885,M3M,107,215,322,2023
886,M3N,175,215,390,2023
887,M3K,47,105,152,2023
888,M5P,146,548,694,2024
889,M6E,254,597,851,2024
890,M6C,181,550,731,2024
891,M6B,134,373,507,2024
892,M6A,112,239,351,2024
893,M5V,384,1015,1399,2024
894,M5T,124,241,365,2024
895,M5S,127,230,357,2024
896,M5R,228,675,903,2024
897,M5N,75,403,478,2024
898,M4W,111,462,573,2024
899,M5J,80,164,244,2024
900,M5H,18,37,55,2024
901,M5G,79,85,164,2024
902,M5E,76,185,261,2024
903,M5C,21,53,74,2024
904,M5B,143,192,335,2024
905,M5A,368,978,1346,2024
906,M4Y,274,522,796,2024
907,M4X,154,292,446,2024
908,M5M,178,803,981,2024
909,M6H,468,840,1308,2024
910,M9W,154,374,528,2024
911,M6K,455,784,1239,2024
912,M4V,151,608,759,2024
913,M9V,117,278,395,2024
914,M9R,159,376,535,2024
915,M9P,113,312,425,2024
916,M9N,151,334,485,2024
917,M9M,66,164,230,2024
918,M9L,37,75,112,2024
919,M9C,244,729,973,2024
920,M9B,186,678,864,2024
921,M9A,263,675,938,2024
922,M8Z,154,468,622,2024
923,M8Y,142,508,650,2024
924,M8X,77,318,395,2024
925,M8W,179,557,736,2024
926,M8V,367,904,1271,2024
927,M6S,331,897,1228,2024
928,M6R,261,592,853,2024
929,M6P,499,1013,1512,2024
930,M6N,316,703,1019,2024
931,M6M,210,422,632,2024
932,M6L,95,190,285,2024
933,M6J,332,648,980,2024
934,M4T,82,366,448,2024
935,M6G,320,722,1042,2024
936,M4R,94,417,511,2024
937,M2L,59,229,288,2024
938,M2K,94,344,438,2024
939,M2J,310,605,915,2024
940,M2H,137,258,395,2024
941,M1X,28,86,114,2024
942,M1W,165,331,496,2024
943,M1V,136,327,463,2024
944,M1T,160,323,483,2024
945,M4S,273,811,1084,2024
946,M1R,115,360,475,2024
947,M1P,218,370,588,2024
948,M1N,217,601,818,2024
949,M1M,201,473,674,2024
950,M1L,217,386,603,2024
951,M1K,276,394,670,2024
952,M1J,175,295,470,2024
953,M1H,94,193,287,2024
954,M1G,127,269,396,2024
955,M1E,374,665,1039,2024
956,M1C,176,556,732,2024
957,M1B,219,444,663,2024
958,M2M,128,284,412,2024
959,M2N,420,835,1255,2024
960,M1S,142,297,439,2024
961,M2R,174,380,554,2024
962,M2P,37,184,221,2024
963,M4P,212,558,770,2024
964,M4N,89,547,636,2024
965,M4M,237,655,892,2024
966,M4L,309,1104,1413,2024
967,M4K,286,821,1107,2024
968,M4H,55,39,94,2024
969,M4G,150,624,774,2024
970,M4E,280,955,1235,2024
971,M4C,459,954,1413,2024
972,M4J,390,927,1317,2024
973,M4A,87,164,251,2024
974,M4B,155,364,519,2024
975,M3B,66,253,319,2024
976,M3C,167,284,451,2024
977,M3H,220,632,852,2024
978,M3J,148,211,359,2024
979,M3A,189,485,674,2024
980,M3L,60,179,239,2024
981,M3M,119,230,349,2024
982,M3N,176,234,410,2024
983,M3K,55,100,155,2024
984,M5N,69,367,436,2025
985,M6C,168,528,696,2025
986,M6B,128,330,458,2025
987,M6A,121,192,313,2025
988,M5V,448,1049,1497,2025
989,M5T,130,218,348,2025
990,M5S,94,201,295,2025
991,M5R,182,603,785,2025
992,M5P,150,489,639,2025
993,M5M,144,723,867,2025
994,M4V,127,553,680,2025
995,M5H,22,34,56,2025
996,M5G,81,72,153,2025
997,M5E,87,188,275,2025
998,M5C,25,57,82,2025
999,M5B,137,208,345,2025
1000,M5A,390,973,1363,2025
1001,M4Y,299,507,806,2025
1002,M4X,141,263,404,2025
1003,M4W,112,422,534,2025
1004,M5J,88,196,284,2025
1005,M6E,266,536,802,2025
1006,M9R,130,337,467,2025
1007,M6H,443,739,1182,2025
1008,M4T,78,327,405,2025
1009,M9P,101,262,363,2025
1010,M9N,146,284,430,2025
1011,M9M,60,141,201,2025
1012,M9L,28,67,95,2025
1013,M9C,218,635,853,2025
1014,M9B,167,621,788,2025
1015,M9A,238,619,857,2025
1016,M8Z,130,418,548,2025
1017,M8Y,128,438,566,2025
1018,M8X,75,291,366,2025
1019,M8W,175,508,683,2025
1020,M8V,332,808,1140,2025
1021,M6S,303,834,1137,2025
1022,M6R,266,517,783,2025
1023,M6P,450,962,1412,2025
1024,M6N,266,607,873,2025
1025,M6M,184,373,557,2025
1026,M6L,66,164,230,2025
1027,M6K,453,771,1224,2025
1028,M6J,289,580,869,2025
1029,M6G,285,653,938,2025
1030,M4S,255,749,1004,2025
1031,M2P,35,159,194,2025
1032,M4P,237,495,732,2025
1033,M2J,272,545,817,2025
1034,M2H,111,240,351,2025
1035,M1X,20,76,96,2025
1036,M1W,168,329,497,2025
1037,M1V,129,275,404,2025
1038,M1T,141,311,452,2025
1039,M1S,125,261,386,2025
1040,M1R,123,304,427,2025
1041,M1P,210,315,525,2025
1042,M2K,117,318,435,2025
1043,M1N,169,564,733,2025
1044,M1L,184,299,483,2025
1045,M1K,221,336,557,2025
1046,M1J,185,232,417,2025
1047,M1H,92,170,262,2025
1048,M1G,116,234,350,2025
1049,M1E,337,576,913,2025
1050,M1C,174,509,683,2025
1051,M1B,181,383,564,2025
1052,M9V,104,242,346,2025
1053,M1M,169,426,595,2025
1054,M2L,40,232,272,2025
1055,M2M,131,241,372,2025
1056,M2N,419,767,1186,2025
1057,M4N,87,494,581,2025
1058,M4M,223,631,854,2025
1059,M4L,272,1048,1320,2025
1060,M4K,246,753,999,2025
1061,M4J,317,837,1154,2025
1062,M4H,41,33,74,2025
1063,M4G,132,537,669,2025
1064,M4E,254,858,1112,2025
1065,M4C,430,890,1320,2025
1066,M4B,139,337,476,2025
1067,M4A,65,133,198,2025
1068,M3N,175,194,369,2025
1069,M3M,128,198,326,2025
1070,M3L,61,138,199,2025
1071,M3K,48,80,128,2025
1072,M3J,132,174,306,2025
1073,M3H,195,533,728,2025
1074,M3C,185,273,458,2025
1075,M3B,53,215,268,2025
1076,M3A,212,438,650,2025
1077,M2R,164,350,514,2025
1078,M4R,90,352,442,2025
1079,M9W,139,352,491,2025
